<ManagementPack ContentReadable="true" xmlns:xsd="http://www.w3.org/2001/XMLSchema" xmlns:xsl="http://www.w3.org/1999/XSL/Transform">
  <Manifest>
    <Identity>
      <ID>BICTT.SQL.FilePerf.Monitoring.2012.Overrides</ID>
      <Version>1.0.2.48</Version>
    </Identity>
    <Name>BICTT.SQL.FilePerf.Monitoring.2012.Overrides</Name>
    <References>
	  <Reference Alias="SQLPerfMon2012">
        <ID>BICTT.SQL.FilePerf.Monitoring.2012</ID>
        <Version>1.0.2.48</Version>
        <PublicKeyToken>b4625eaf83d9cf10</PublicKeyToken>
      </Reference>
	        <Reference Alias="SQLServer2012Discovery">
        <ID>Microsoft.SQLServer.2012.Discovery</ID>
        <Version>6.3.173.1</Version>
        <PublicKeyToken>31bf3856ad364e35</PublicKeyToken>
      </Reference>
      <Reference Alias="SC">
        <ID>Microsoft.SystemCenter.Library</ID>
        <Version>6.1.7221.81</Version>
        <PublicKeyToken>31bf3856ad364e35</PublicKeyToken>
      </Reference>
    </References>
  </Manifest>
  <Monitoring>
    <Overrides>
      <RuleConfigurationOverride ID="OverrideForRule.BICTT.SQL.FilePerf.Monitoring.2012.Rule.CollReadsTotal2012" Context="SQLServer2012Discovery!Microsoft.SQLServer.2012.DBFile" Enforced="false" Rule="SQLPerfMon2012!BICTT.SQL.FilePerf.Monitoring.2012.Rule.CollReadsTotal2012" Parameter="IntervalSeconds" Module="DS">
        <Value>300</Value>
      </RuleConfigurationOverride>
      <RuleConfigurationOverride ID="OverrideForRule.BICTT.SQL.FilePerf.Monitoring.2012.Rule.CollReadsTotal2012Log" Context="SQLServer2012Discovery!Microsoft.SQLServer.2012.DBLogFile" Enforced="false" Rule="SQLPerfMon2012!BICTT.SQL.FilePerf.Monitoring.2012.Rule.CollReadsTotal2012Log" Parameter="IntervalSeconds" Module="DS">
        <Value>300</Value>
      </RuleConfigurationOverride>
      <RuleConfigurationOverride ID="OverrideForRule.BICTT.SQL.FilePerf.Monitoring.2012.Rule.CollReadTotalKBytes2012" Context="SQLServer2012Discovery!Microsoft.SQLServer.2012.DBFile" Enforced="false" Rule="SQLPerfMon2012!BICTT.SQL.FilePerf.Monitoring.2012.Rule.CollReadTotalKBytes2012" Parameter="IntervalSeconds" Module="DS">
        <Value>300</Value>
      </RuleConfigurationOverride>
      <RuleConfigurationOverride ID="OverrideForRule.BICTT.SQL.FilePerf.Monitoring.2012.Rule.CollReadTotalKBytes2012Log" Context="SQLServer2012Discovery!Microsoft.SQLServer.2012.DBLogFile" Enforced="false" Rule="SQLPerfMon2012!BICTT.SQL.FilePerf.Monitoring.2012.Rule.CollReadTotalKBytes2012Log" Parameter="IntervalSeconds" Module="DS">
        <Value>300</Value>
      </RuleConfigurationOverride>
      <RuleConfigurationOverride ID="OverrideForRule.BICTT.SQL.FilePerf.Monitoring.2012.Rule.CollWaitTimeReadsTotalMs2012" Context="SQLServer2012Discovery!Microsoft.SQLServer.2012.DBFile" Enforced="false" Rule="SQLPerfMon2012!BICTT.SQL.FilePerf.Monitoring.2012.Rule.CollWaitTimeReadsTotalMs2012" Parameter="IntervalSeconds" Module="DS">
        <Value>300</Value>
      </RuleConfigurationOverride>
      <RuleConfigurationOverride ID="OverrideForRule.BICTT.SQL.FilePerf.Monitoring.2012.Rule.CollWaitTimeReadsTotalMs2012Log" Context="SQLServer2012Discovery!Microsoft.SQLServer.2012.DBLogFile" Enforced="false" Rule="SQLPerfMon2012!BICTT.SQL.FilePerf.Monitoring.2012.Rule.CollWaitTimeReadsTotalMs2012Log" Parameter="IntervalSeconds" Module="DS">
        <Value>300</Value>
      </RuleConfigurationOverride>
      <RuleConfigurationOverride ID="OverrideForRule.BICTT.SQL.FilePerf.Monitoring.2012.Rule.CollWaitTimeWrittenTotalMs2012" Context="SQLServer2012Discovery!Microsoft.SQLServer.2012.DBFile" Enforced="false" Rule="SQLPerfMon2012!BICTT.SQL.FilePerf.Monitoring.2012.Rule.CollWaitTimeWrittenTotalMs2012" Parameter="IntervalSeconds" Module="DS">
        <Value>300</Value>
      </RuleConfigurationOverride>
      <RuleConfigurationOverride ID="OverrideForRule.BICTT.SQL.FilePerf.Monitoring.2012.Rule.CollWaitTimeWrittenTotalMs2012Log" Context="SQLServer2012Discovery!Microsoft.SQLServer.2012.DBLogFile" Enforced="false" Rule="SQLPerfMon2012!BICTT.SQL.FilePerf.Monitoring.2012.Rule.CollWaitTimeWrittenTotalMs2012Log" Parameter="IntervalSeconds" Module="DS">
        <Value>300</Value>
      </RuleConfigurationOverride>
      <RuleConfigurationOverride ID="OverrideForRule.BICTT.SQL.FilePerf.Monitoring.2012.Rule.CollWritesTotal2012" Context="SQLServer2012Discovery!Microsoft.SQLServer.2012.DBFile" Enforced="false" Rule="SQLPerfMon2012!BICTT.SQL.FilePerf.Monitoring.2012.Rule.CollWritesTotal2012" Parameter="IntervalSeconds" Module="DS">
        <Value>300</Value>
      </RuleConfigurationOverride>
      <RuleConfigurationOverride ID="OverrideForRule.BICTT.SQL.FilePerf.Monitoring.2012.Rule.CollWritesTotal2012Log" Context="SQLServer2012Discovery!Microsoft.SQLServer.2012.DBLogFile" Enforced="false" Rule="SQLPerfMon2012!BICTT.SQL.FilePerf.Monitoring.2012.Rule.CollWritesTotal2012Log" Parameter="IntervalSeconds" Module="DS">
        <Value>300</Value>
      </RuleConfigurationOverride>
      <RuleConfigurationOverride ID="OverrideForRule.BICTT.SQL.FilePerf.Monitoring.2012.Rule.CollWriteTotalKBytes2012" Context="SQLServer2012Discovery!Microsoft.SQLServer.2012.DBFile" Enforced="false" Rule="SQLPerfMon2012!BICTT.SQL.FilePerf.Monitoring.2012.Rule.CollWriteTotalKBytes2012" Parameter="IntervalSeconds" Module="DS">
        <Value>300</Value>
      </RuleConfigurationOverride>
      <RuleConfigurationOverride ID="OverrideForRule.BICTT.SQL.FilePerf.Monitoring.2012.Rule.CollWriteTotalKBytes2012Log" Context="SQLServer2012Discovery!Microsoft.SQLServer.2012.DBLogFile" Enforced="false" Rule="SQLPerfMon2012!BICTT.SQL.FilePerf.Monitoring.2012.Rule.CollWriteTotalKBytes2012Log" Parameter="IntervalSeconds" Module="DS">
        <Value>300</Value>
      </RuleConfigurationOverride>
    </Overrides>
  </Monitoring>
  <LanguagePacks>
    <LanguagePack ID="ENU" IsDefault="false">
      <DisplayStrings>
        <DisplayString ElementID="BICTT.SQL.FilePerf.Monitoring.2012.Overrides">
          <Name>SQL 2012 File Disk Performance Monitoring Overrides</Name>
		  <Description>Overrides for Monitoring SQL 2012 File Disk Performance</Description>
        </DisplayString>
      </DisplayStrings>
    </LanguagePack>
  </LanguagePacks>
</ManagementPack>