<ManagementPack ContentReadable="true" xmlns:xsd="http://www.w3.org/2001/XMLSchema" xmlns:xsl="http://www.w3.org/1999/XSL/Transform">
  <Manifest>
    <Identity>
      <ID>BICTT.SQL.FilePerf.Monitoring.2005.Overrides</ID>
      <Version>1.0.2.48</Version>
    </Identity>
    <Name>BICTT.SQL.FilePerf.Monitoring.2005.Overrides</Name>
    <References>
	  <Reference Alias="SQLPerfMon2005">
        <ID>BICTT.SQL.FilePerf.Monitoring.2005</ID>
        <Version>1.0.2.48</Version>
        <PublicKeyToken>b4625eaf83d9cf10</PublicKeyToken>
      </Reference>
	        <Reference Alias="SQLServer2005Discovery">
        <ID>Microsoft.SQLServer.2005.Discovery</ID>
        <Version>6.1.400.0</Version>
        <PublicKeyToken>31bf3856ad364e35</PublicKeyToken>
      </Reference>
      <Reference Alias="SC">
        <ID>Microsoft.SystemCenter.Library</ID>
        <Version>6.1.7221.81</Version>
        <PublicKeyToken>31bf3856ad364e35</PublicKeyToken>
      </Reference>
    </References>
  </Manifest>
  <Monitoring>
    <Overrides>
      <RuleConfigurationOverride ID="OverrideForRule.BICTT.SQL.FilePerf.Monitoring.2005.Rule.CollReadsTotal2005" Context="SQLServer2005Discovery!Microsoft.SQLServer.2005.DBFile" Enforced="false" Rule="SQLPerfMon2005!BICTT.SQL.FilePerf.Monitoring.2005.Rule.CollReadsTotal2005" Parameter="IntervalSeconds" Module="DS">
        <Value>300</Value>
      </RuleConfigurationOverride>
      <RuleConfigurationOverride ID="OverrideForRule.BICTT.SQL.FilePerf.Monitoring.2005.Rule.CollReadsTotal2005Log" Context="SQLServer2005Discovery!Microsoft.SQLServer.2005.DBLogFile" Enforced="false" Rule="SQLPerfMon2005!BICTT.SQL.FilePerf.Monitoring.2005.Rule.CollReadsTotal2005Log" Parameter="IntervalSeconds" Module="DS">
        <Value>300</Value>
      </RuleConfigurationOverride>
      <RuleConfigurationOverride ID="OverrideForRule.BICTT.SQL.FilePerf.Monitoring.2005.Rule.CollReadTotalKBytes2005" Context="SQLServer2005Discovery!Microsoft.SQLServer.2005.DBFile" Enforced="false" Rule="SQLPerfMon2005!BICTT.SQL.FilePerf.Monitoring.2005.Rule.CollReadTotalKBytes2005" Parameter="IntervalSeconds" Module="DS">
        <Value>300</Value>
      </RuleConfigurationOverride>
      <RuleConfigurationOverride ID="OverrideForRule.BICTT.SQL.FilePerf.Monitoring.2005.Rule.CollReadTotalKBytes2005Log" Context="SQLServer2005Discovery!Microsoft.SQLServer.2005.DBLogFile" Enforced="false" Rule="SQLPerfMon2005!BICTT.SQL.FilePerf.Monitoring.2005.Rule.CollReadTotalKBytes2005Log" Parameter="IntervalSeconds" Module="DS">
        <Value>300</Value>
      </RuleConfigurationOverride>
      <RuleConfigurationOverride ID="OverrideForRule.BICTT.SQL.FilePerf.Monitoring.2005.Rule.CollWaitTimeReadsTotalMs2005" Context="SQLServer2005Discovery!Microsoft.SQLServer.2005.DBFile" Enforced="false" Rule="SQLPerfMon2005!BICTT.SQL.FilePerf.Monitoring.2005.Rule.CollWaitTimeReadsTotalMs2005" Parameter="IntervalSeconds" Module="DS">
        <Value>300</Value>
      </RuleConfigurationOverride>
      <RuleConfigurationOverride ID="OverrideForRule.BICTT.SQL.FilePerf.Monitoring.2005.Rule.CollWaitTimeReadsTotalMs2005Log" Context="SQLServer2005Discovery!Microsoft.SQLServer.2005.DBLogFile" Enforced="false" Rule="SQLPerfMon2005!BICTT.SQL.FilePerf.Monitoring.2005.Rule.CollWaitTimeReadsTotalMs2005Log" Parameter="IntervalSeconds" Module="DS">
        <Value>300</Value>
      </RuleConfigurationOverride>
      <RuleConfigurationOverride ID="OverrideForRule.BICTT.SQL.FilePerf.Monitoring.2005.Rule.CollWaitTimeWrittenTotalMs2005" Context="SQLServer2005Discovery!Microsoft.SQLServer.2005.DBFile" Enforced="false" Rule="SQLPerfMon2005!BICTT.SQL.FilePerf.Monitoring.2005.Rule.CollWaitTimeWrittenTotalMs2005" Parameter="IntervalSeconds" Module="DS">
        <Value>300</Value>
      </RuleConfigurationOverride>
      <RuleConfigurationOverride ID="OverrideForRule.BICTT.SQL.FilePerf.Monitoring.2005.Rule.CollWaitTimeWrittenTotalMs2005Log" Context="SQLServer2005Discovery!Microsoft.SQLServer.2005.DBLogFile" Enforced="false" Rule="SQLPerfMon2005!BICTT.SQL.FilePerf.Monitoring.2005.Rule.CollWaitTimeWrittenTotalMs2005Log" Parameter="IntervalSeconds" Module="DS">
        <Value>300</Value>
      </RuleConfigurationOverride>
      <RuleConfigurationOverride ID="OverrideForRule.BICTT.SQL.FilePerf.Monitoring.2005.Rule.CollWritesTotal2005" Context="SQLServer2005Discovery!Microsoft.SQLServer.2005.DBFile" Enforced="false" Rule="SQLPerfMon2005!BICTT.SQL.FilePerf.Monitoring.2005.Rule.CollWritesTotal2005" Parameter="IntervalSeconds" Module="DS">
        <Value>300</Value>
      </RuleConfigurationOverride>
      <RuleConfigurationOverride ID="OverrideForRule.BICTT.SQL.FilePerf.Monitoring.2005.Rule.CollWritesTotal2005Log" Context="SQLServer2005Discovery!Microsoft.SQLServer.2005.DBLogFile" Enforced="false" Rule="SQLPerfMon2005!BICTT.SQL.FilePerf.Monitoring.2005.Rule.CollWritesTotal2005Log" Parameter="IntervalSeconds" Module="DS">
        <Value>300</Value>
      </RuleConfigurationOverride>
      <RuleConfigurationOverride ID="OverrideForRule.BICTT.SQL.FilePerf.Monitoring.2005.Rule.CollWriteTotalKBytes2005" Context="SQLServer2005Discovery!Microsoft.SQLServer.2005.DBFile" Enforced="false" Rule="SQLPerfMon2005!BICTT.SQL.FilePerf.Monitoring.2005.Rule.CollWriteTotalKBytes2005" Parameter="IntervalSeconds" Module="DS">
        <Value>300</Value>
      </RuleConfigurationOverride>
      <RuleConfigurationOverride ID="OverrideForRule.BICTT.SQL.FilePerf.Monitoring.2005.Rule.CollWriteTotalKBytes2005Log" Context="SQLServer2005Discovery!Microsoft.SQLServer.2005.DBLogFile" Enforced="false" Rule="SQLPerfMon2005!BICTT.SQL.FilePerf.Monitoring.2005.Rule.CollWriteTotalKBytes2005Log" Parameter="IntervalSeconds" Module="DS">
        <Value>300</Value>
      </RuleConfigurationOverride>
    </Overrides>
  </Monitoring>
  <LanguagePacks>
    <LanguagePack ID="ENU" IsDefault="false">
      <DisplayStrings>
        <DisplayString ElementID="BICTT.SQL.FilePerf.Monitoring.2005.Overrides">
          <Name>SQL 2005 File Disk Performance Monitoring Overrides</Name>
		  <Description>Overrides for Monitoring SQL 2005 File Disk Performance</Description>
        </DisplayString>
      </DisplayStrings>
    </LanguagePack>
  </LanguagePacks>
</ManagementPack>