<ManagementPack ContentReadable="true" xmlns:xsd="http://www.w3.org/2001/XMLSchema" xmlns:xsl="http://www.w3.org/1999/XSL/Transform">
  <Manifest>
    <Identity>
      <ID>BICTT.SQL.FilePerf.Monitoring.2008.Overrides</ID>
      <Version>1.0.2.48</Version>
    </Identity>
    <Name>BICTT.SQL.FilePerf.Monitoring.2008.Overrides</Name>
    <References>
	  <Reference Alias="SQLPerfMon2008">
        <ID>BICTT.SQL.FilePerf.Monitoring.2008</ID>
        <Version>1.0.2.48</Version>
        <PublicKeyToken>b4625eaf83d9cf10</PublicKeyToken>
      </Reference>
	        <Reference Alias="SQLServer2008Discovery">
        <ID>Microsoft.SQLServer.2008.Discovery</ID>
        <Version>6.1.400.0</Version>
        <PublicKeyToken>31bf3856ad364e35</PublicKeyToken>
      </Reference>
      <Reference Alias="SC">
        <ID>Microsoft.SystemCenter.Library</ID>
        <Version>6.1.7221.81</Version>
        <PublicKeyToken>31bf3856ad364e35</PublicKeyToken>
      </Reference>
    </References>
  </Manifest>
  <Monitoring>
    <Overrides>
      <RuleConfigurationOverride ID="OverrideForRule.BICTT.SQL.FilePerf.Monitoring.2008.Rule.CollReadsTotal2008" Context="SQLServer2008Discovery!Microsoft.SQLServer.2008.DBFile" Enforced="false" Rule="SQLPerfMon2008!BICTT.SQL.FilePerf.Monitoring.2008.Rule.CollReadsTotal2008" Parameter="IntervalSeconds" Module="DS">
        <Value>300</Value>
      </RuleConfigurationOverride>
      <RuleConfigurationOverride ID="OverrideForRule.BICTT.SQL.FilePerf.Monitoring.2008.Rule.CollReadsTotal2008Log" Context="SQLServer2008Discovery!Microsoft.SQLServer.2008.DBLogFile" Enforced="false" Rule="SQLPerfMon2008!BICTT.SQL.FilePerf.Monitoring.2008.Rule.CollReadsTotal2008Log" Parameter="IntervalSeconds" Module="DS">
        <Value>300</Value>
      </RuleConfigurationOverride>
      <RuleConfigurationOverride ID="OverrideForRule.BICTT.SQL.FilePerf.Monitoring.2008.Rule.CollReadTotalKBytes2008" Context="SQLServer2008Discovery!Microsoft.SQLServer.2008.DBFile" Enforced="false" Rule="SQLPerfMon2008!BICTT.SQL.FilePerf.Monitoring.2008.Rule.CollReadTotalKBytes2008" Parameter="IntervalSeconds" Module="DS">
        <Value>300</Value>
      </RuleConfigurationOverride>
      <RuleConfigurationOverride ID="OverrideForRule.BICTT.SQL.FilePerf.Monitoring.2008.Rule.CollReadTotalKBytes2008Log" Context="SQLServer2008Discovery!Microsoft.SQLServer.2008.DBLogFile" Enforced="false" Rule="SQLPerfMon2008!BICTT.SQL.FilePerf.Monitoring.2008.Rule.CollReadTotalKBytes2008Log" Parameter="IntervalSeconds" Module="DS">
        <Value>300</Value>
      </RuleConfigurationOverride>
      <RuleConfigurationOverride ID="OverrideForRule.BICTT.SQL.FilePerf.Monitoring.2008.Rule.CollWaitTimeReadsTotalMs2008" Context="SQLServer2008Discovery!Microsoft.SQLServer.2008.DBFile" Enforced="false" Rule="SQLPerfMon2008!BICTT.SQL.FilePerf.Monitoring.2008.Rule.CollWaitTimeReadsTotalMs2008" Parameter="IntervalSeconds" Module="DS">
        <Value>300</Value>
      </RuleConfigurationOverride>
      <RuleConfigurationOverride ID="OverrideForRule.BICTT.SQL.FilePerf.Monitoring.2008.Rule.CollWaitTimeReadsTotalMs2008Log" Context="SQLServer2008Discovery!Microsoft.SQLServer.2008.DBLogFile" Enforced="false" Rule="SQLPerfMon2008!BICTT.SQL.FilePerf.Monitoring.2008.Rule.CollWaitTimeReadsTotalMs2008Log" Parameter="IntervalSeconds" Module="DS">
        <Value>300</Value>
      </RuleConfigurationOverride>
      <RuleConfigurationOverride ID="OverrideForRule.BICTT.SQL.FilePerf.Monitoring.2008.Rule.CollWaitTimeWrittenTotalMs2008" Context="SQLServer2008Discovery!Microsoft.SQLServer.2008.DBFile" Enforced="false" Rule="SQLPerfMon2008!BICTT.SQL.FilePerf.Monitoring.2008.Rule.CollWaitTimeWrittenTotalMs2008" Parameter="IntervalSeconds" Module="DS">
        <Value>300</Value>
      </RuleConfigurationOverride>
      <RuleConfigurationOverride ID="OverrideForRule.BICTT.SQL.FilePerf.Monitoring.2008.Rule.CollWaitTimeWrittenTotalMs2008Log" Context="SQLServer2008Discovery!Microsoft.SQLServer.2008.DBLogFile" Enforced="false" Rule="SQLPerfMon2008!BICTT.SQL.FilePerf.Monitoring.2008.Rule.CollWaitTimeWrittenTotalMs2008Log" Parameter="IntervalSeconds" Module="DS">
        <Value>300</Value>
      </RuleConfigurationOverride>
      <RuleConfigurationOverride ID="OverrideForRule.BICTT.SQL.FilePerf.Monitoring.2008.Rule.CollWritesTotal2008" Context="SQLServer2008Discovery!Microsoft.SQLServer.2008.DBFile" Enforced="false" Rule="SQLPerfMon2008!BICTT.SQL.FilePerf.Monitoring.2008.Rule.CollWritesTotal2008" Parameter="IntervalSeconds" Module="DS">
        <Value>300</Value>
      </RuleConfigurationOverride>
      <RuleConfigurationOverride ID="OverrideForRule.BICTT.SQL.FilePerf.Monitoring.2008.Rule.CollWritesTotal2008Log" Context="SQLServer2008Discovery!Microsoft.SQLServer.2008.DBLogFile" Enforced="false" Rule="SQLPerfMon2008!BICTT.SQL.FilePerf.Monitoring.2008.Rule.CollWritesTotal2008Log" Parameter="IntervalSeconds" Module="DS">
        <Value>300</Value>
      </RuleConfigurationOverride>
      <RuleConfigurationOverride ID="OverrideForRule.BICTT.SQL.FilePerf.Monitoring.2008.Rule.CollWriteTotalKBytes2008" Context="SQLServer2008Discovery!Microsoft.SQLServer.2008.DBFile" Enforced="false" Rule="SQLPerfMon2008!BICTT.SQL.FilePerf.Monitoring.2008.Rule.CollWriteTotalKBytes2008" Parameter="IntervalSeconds" Module="DS">
        <Value>300</Value>
      </RuleConfigurationOverride>
      <RuleConfigurationOverride ID="OverrideForRule.BICTT.SQL.FilePerf.Monitoring.2008.Rule.CollWriteTotalKBytes2008Log" Context="SQLServer2008Discovery!Microsoft.SQLServer.2008.DBLogFile" Enforced="false" Rule="SQLPerfMon2008!BICTT.SQL.FilePerf.Monitoring.2008.Rule.CollWriteTotalKBytes2008Log" Parameter="IntervalSeconds" Module="DS">
        <Value>300</Value>
      </RuleConfigurationOverride>
    </Overrides>
  </Monitoring>
  <LanguagePacks>
    <LanguagePack ID="ENU" IsDefault="false">
      <DisplayStrings>
        <DisplayString ElementID="BICTT.SQL.FilePerf.Monitoring.2008.Overrides">
          <Name>SQL 2008 File Disk Performance Monitoring Overrides</Name>
		  <Description>Overrides for Monitoring SQL 2008 File Disk Performance</Description>
        </DisplayString>
      </DisplayStrings>
    </LanguagePack>
  </LanguagePacks>
</ManagementPack>